[{"__symbolic":"module","version":3,"metadata":{"CloseSidebar":{"__symbolic":"class","decorators":[{"__symbolic":"call","expression":{"__symbolic":"reference","module":"@angular/core","name":"Directive"},"arguments":[{"selector":"[closeSidebar]","host":{"(click)":"_onClick()","$quoted$":["(click)"]}}]}],"members":{"__ctor__":[{"__symbolic":"constructor","parameters":[{"__symbolic":"reference","module":"./sidebar.service","name":"SidebarService"}]}],"_onClick":[{"__symbolic":"method"}]}}}},{"__symbolic":"module","version":1,"metadata":{"CloseSidebar":{"__symbolic":"class","decorators":[{"__symbolic":"call","expression":{"__symbolic":"reference","module":"@angular/core","name":"Directive"},"arguments":[{"selector":"[closeSidebar]","host":{"(click)":"_onClick()"}}]}],"members":{"__ctor__":[{"__symbolic":"constructor","parameters":[{"__symbolic":"reference","module":"./sidebar.service","name":"SidebarService"}]}],"_onClick":[{"__symbolic":"method"}]}}}}]