[{"__symbolic":"module","version":3,"metadata":{},"exports":[{"from":"./close.directive","export":["CloseSidebar"]},{"from":"./sidebar.component","export":["Sidebar"]},{"from":"./sidebar.module","export":["SidebarModule"]},{"from":"./sidebar.service","export":["SidebarService"]},{"from":"./sidebar-container.component","export":["SidebarContainer"]}]},{"__symbolic":"module","version":1,"metadata":{},"exports":[{"from":"./close.directive","export":["CloseSidebar"]},{"from":"./sidebar.component","export":["Sidebar"]},{"from":"./sidebar.module","export":["SidebarModule"]},{"from":"./sidebar.service","export":["SidebarService"]},{"from":"./sidebar-container.component","export":["SidebarContainer"]}]}]