[{"__symbolic":"module","version":3,"metadata":{"SidebarService":{"__symbolic":"class","decorators":[{"__symbolic":"call","expression":{"__symbolic":"reference","module":"@angular/core","name":"Injectable"}}],"members":{"open":[{"__symbolic":"method"}],"close":[{"__symbolic":"method"}],"onOpen":[{"__symbolic":"method"}],"onClose":[{"__symbolic":"method"}]}}}},{"__symbolic":"module","version":1,"metadata":{"SidebarService":{"__symbolic":"class","decorators":[{"__symbolic":"call","expression":{"__symbolic":"reference","module":"@angular/core","name":"Injectable"}}],"members":{"open":[{"__symbolic":"method"}],"close":[{"__symbolic":"method"}],"onOpen":[{"__symbolic":"method"}],"onClose":[{"__symbolic":"method"}]}}}}]