[{"__symbolic":"module","version":3,"metadata":{"Sidebar":{"__symbolic":"class","decorators":[{"__symbolic":"call","expression":{"__symbolic":"reference","module":"@angular/core","name":"Component"},"arguments":[{"selector":"ng-sidebar","template":"\n    <aside #sidebar\n      role=\"complementary\"\n      [attr.aria-hidden]=\"!opened\"\n      [attr.aria-label]=\"ariaLabel\"\n      class=\"ng-sidebar ng-sidebar--{{opened ? 'opened' : 'closed'}} ng-sidebar--{{position}} ng-sidebar--{{mode}}\"\n      [class.ng-sidebar--inert]=\"!opened && mode !== 'dock'\"\n      [class.ng-sidebar--animate]=\"animate\"\n      [ngClass]=\"sidebarClass\"\n      [ngStyle]=\"_getStyle()\">\n      <ng-content></ng-content>\n    </aside>\n  ","styles":["\n    .ng-sidebar {\n      background-color: #fff;\n      overflow: auto;\n      pointer-events: auto;\n      position: fixed;\n      will-change: initial;\n      z-index: 99999999;\n    }\n\n      .ng-sidebar--left {\n        bottom: 0;\n        left: 0;\n        top: 0;\n      }\n\n      .ng-sidebar--right {\n        bottom: 0;\n        right: 0;\n        top: 0;\n      }\n\n      .ng-sidebar--top {\n        left: 0;\n        right: 0;\n        top: 0;\n      }\n\n      .ng-sidebar--bottom {\n        bottom: 0;\n        left: 0;\n        right: 0;\n      }\n\n    .ng-sidebar--inert {\n      pointer-events: none;\n      will-change: transform;\n    }\n\n    .ng-sidebar--animate.ng-sidebar {\n      -webkit-transition: -webkit-transform 0.3s cubic-bezier(0, 0, 0.3, 1);\n      transition: transform 0.3s cubic-bezier(0, 0, 0.3, 1);\n    }\n  "],"changeDetection":{"__symbolic":"select","expression":{"__symbolic":"reference","module":"@angular/core","name":"ChangeDetectionStrategy"},"member":"OnPush"},"encapsulation":{"__symbolic":"select","expression":{"__symbolic":"reference","module":"@angular/core","name":"ViewEncapsulation"},"member":"None"}}]}],"members":{"opened":[{"__symbolic":"property","decorators":[{"__symbolic":"call","expression":{"__symbolic":"reference","module":"@angular/core","name":"Input"}}]}],"openedChange":[{"__symbolic":"property","decorators":[{"__symbolic":"call","expression":{"__symbolic":"reference","module":"@angular/core","name":"Output"}}]}],"mode":[{"__symbolic":"property","decorators":[{"__symbolic":"call","expression":{"__symbolic":"reference","module":"@angular/core","name":"Input"}}]}],"dockedSize":[{"__symbolic":"property","decorators":[{"__symbolic":"call","expression":{"__symbolic":"reference","module":"@angular/core","name":"Input"}}]}],"position":[{"__symbolic":"property","decorators":[{"__symbolic":"call","expression":{"__symbolic":"reference","module":"@angular/core","name":"Input"}}]}],"animate":[{"__symbolic":"property","decorators":[{"__symbolic":"call","expression":{"__symbolic":"reference","module":"@angular/core","name":"Input"}}]}],"autoCollapseHeight":[{"__symbolic":"property","decorators":[{"__symbolic":"call","expression":{"__symbolic":"reference","module":"@angular/core","name":"Input"}}]}],"autoCollapseWidth":[{"__symbolic":"property","decorators":[{"__symbolic":"call","expression":{"__symbolic":"reference","module":"@angular/core","name":"Input"}}]}],"sidebarClass":[{"__symbolic":"property","decorators":[{"__symbolic":"call","expression":{"__symbolic":"reference","module":"@angular/core","name":"Input"}}]}],"ariaLabel":[{"__symbolic":"property","decorators":[{"__symbolic":"call","expression":{"__symbolic":"reference","module":"@angular/core","name":"Input"}}]}],"trapFocus":[{"__symbolic":"property","decorators":[{"__symbolic":"call","expression":{"__symbolic":"reference","module":"@angular/core","name":"Input"}}]}],"autoFocus":[{"__symbolic":"property","decorators":[{"__symbolic":"call","expression":{"__symbolic":"reference","module":"@angular/core","name":"Input"}}]}],"showBackdrop":[{"__symbolic":"property","decorators":[{"__symbolic":"call","expression":{"__symbolic":"reference","module":"@angular/core","name":"Input"}}]}],"closeOnClickOutside":[{"__symbolic":"property","decorators":[{"__symbolic":"call","expression":{"__symbolic":"reference","module":"@angular/core","name":"Input"}}]}],"keyClose":[{"__symbolic":"property","decorators":[{"__symbolic":"call","expression":{"__symbolic":"reference","module":"@angular/core","name":"Input"}}]}],"keyCode":[{"__symbolic":"property","decorators":[{"__symbolic":"call","expression":{"__symbolic":"reference","module":"@angular/core","name":"Input"}}]}],"onOpenStart":[{"__symbolic":"property","decorators":[{"__symbolic":"call","expression":{"__symbolic":"reference","module":"@angular/core","name":"Output"}}]}],"onOpened":[{"__symbolic":"property","decorators":[{"__symbolic":"call","expression":{"__symbolic":"reference","module":"@angular/core","name":"Output"}}]}],"onCloseStart":[{"__symbolic":"property","decorators":[{"__symbolic":"call","expression":{"__symbolic":"reference","module":"@angular/core","name":"Output"}}]}],"onClosed":[{"__symbolic":"property","decorators":[{"__symbolic":"call","expression":{"__symbolic":"reference","module":"@angular/core","name":"Output"}}]}],"onModeChange":[{"__symbolic":"property","decorators":[{"__symbolic":"call","expression":{"__symbolic":"reference","module":"@angular/core","name":"Output"}}]}],"onPositionChange":[{"__symbolic":"property","decorators":[{"__symbolic":"call","expression":{"__symbolic":"reference","module":"@angular/core","name":"Output"}}]}],"_elSidebar":[{"__symbolic":"property","decorators":[{"__symbolic":"call","expression":{"__symbolic":"reference","module":"@angular/core","name":"ViewChild"},"arguments":["sidebar"]}]}],"__ctor__":[{"__symbolic":"constructor","parameterDecorators":[[{"__symbolic":"call","expression":{"__symbolic":"reference","module":"@angular/core","name":"Inject"},"arguments":[{"__symbolic":"reference","module":"@angular/platform-browser","name":"DOCUMENT"}]}],null],"parameters":[null,{"__symbolic":"reference","module":"./sidebar.service","name":"SidebarService"}]}],"ngOnInit":[{"__symbolic":"method"}],"ngOnChanges":[{"__symbolic":"method"}],"ngOnDestroy":[{"__symbolic":"method"}],"open":[{"__symbolic":"method"}],"close":[{"__symbolic":"method"}],"_getStyle":[{"__symbolic":"method"}],"_onTransitionEnd":[{"__symbolic":"method"}],"_focusFirstItem":[{"__symbolic":"method"}],"_onFocusTrap":[{"__symbolic":"method"}],"_setFocused":[{"__symbolic":"method"}],"_initCloseListeners":[{"__symbolic":"method"}],"_destroyCloseListeners":[{"__symbolic":"method"}],"_onClickOutside":[{"__symbolic":"method"}],"_onKeyDown":[{"__symbolic":"method"}],"_initCollapseListeners":[{"__symbolic":"method"}],"_destroyCollapseListeners":[{"__symbolic":"method"}],"_onResize":[{"__symbolic":"method"}],"_normalizePosition":[{"__symbolic":"method"}],"_upperCaseFirst":[{"__symbolic":"method"}],"_isIOS":[{"__symbolic":"method"}]}}}},{"__symbolic":"module","version":1,"metadata":{"Sidebar":{"__symbolic":"class","decorators":[{"__symbolic":"call","expression":{"__symbolic":"reference","module":"@angular/core","name":"Component"},"arguments":[{"selector":"ng-sidebar","template":"\n    <aside #sidebar\n      role=\"complementary\"\n      [attr.aria-hidden]=\"!opened\"\n      [attr.aria-label]=\"ariaLabel\"\n      class=\"ng-sidebar ng-sidebar--{{opened ? 'opened' : 'closed'}} ng-sidebar--{{position}} ng-sidebar--{{mode}}\"\n      [class.ng-sidebar--inert]=\"!opened && mode !== 'dock'\"\n      [class.ng-sidebar--animate]=\"animate\"\n      [ngClass]=\"sidebarClass\"\n      [ngStyle]=\"_getStyle()\">\n      <ng-content></ng-content>\n    </aside>\n  ","styles":["\n    .ng-sidebar {\n      background-color: #fff;\n      overflow: auto;\n      pointer-events: auto;\n      position: fixed;\n      will-change: initial;\n      z-index: 99999999;\n    }\n\n      .ng-sidebar--left {\n        bottom: 0;\n        left: 0;\n        top: 0;\n      }\n\n      .ng-sidebar--right {\n        bottom: 0;\n        right: 0;\n        top: 0;\n      }\n\n      .ng-sidebar--top {\n        left: 0;\n        right: 0;\n        top: 0;\n      }\n\n      .ng-sidebar--bottom {\n        bottom: 0;\n        left: 0;\n        right: 0;\n      }\n\n    .ng-sidebar--inert {\n      pointer-events: none;\n      will-change: transform;\n    }\n\n    .ng-sidebar--animate.ng-sidebar {\n      -webkit-transition: -webkit-transform 0.3s cubic-bezier(0, 0, 0.3, 1);\n      transition: transform 0.3s cubic-bezier(0, 0, 0.3, 1);\n    }\n  "],"changeDetection":{"__symbolic":"select","expression":{"__symbolic":"reference","module":"@angular/core","name":"ChangeDetectionStrategy"},"member":"OnPush"},"encapsulation":{"__symbolic":"select","expression":{"__symbolic":"reference","module":"@angular/core","name":"ViewEncapsulation"},"member":"None"}}]}],"members":{"opened":[{"__symbolic":"property","decorators":[{"__symbolic":"call","expression":{"__symbolic":"reference","module":"@angular/core","name":"Input"}}]}],"openedChange":[{"__symbolic":"property","decorators":[{"__symbolic":"call","expression":{"__symbolic":"reference","module":"@angular/core","name":"Output"}}]}],"mode":[{"__symbolic":"property","decorators":[{"__symbolic":"call","expression":{"__symbolic":"reference","module":"@angular/core","name":"Input"}}]}],"dockedSize":[{"__symbolic":"property","decorators":[{"__symbolic":"call","expression":{"__symbolic":"reference","module":"@angular/core","name":"Input"}}]}],"position":[{"__symbolic":"property","decorators":[{"__symbolic":"call","expression":{"__symbolic":"reference","module":"@angular/core","name":"Input"}}]}],"animate":[{"__symbolic":"property","decorators":[{"__symbolic":"call","expression":{"__symbolic":"reference","module":"@angular/core","name":"Input"}}]}],"autoCollapseHeight":[{"__symbolic":"property","decorators":[{"__symbolic":"call","expression":{"__symbolic":"reference","module":"@angular/core","name":"Input"}}]}],"autoCollapseWidth":[{"__symbolic":"property","decorators":[{"__symbolic":"call","expression":{"__symbolic":"reference","module":"@angular/core","name":"Input"}}]}],"sidebarClass":[{"__symbolic":"property","decorators":[{"__symbolic":"call","expression":{"__symbolic":"reference","module":"@angular/core","name":"Input"}}]}],"ariaLabel":[{"__symbolic":"property","decorators":[{"__symbolic":"call","expression":{"__symbolic":"reference","module":"@angular/core","name":"Input"}}]}],"trapFocus":[{"__symbolic":"property","decorators":[{"__symbolic":"call","expression":{"__symbolic":"reference","module":"@angular/core","name":"Input"}}]}],"autoFocus":[{"__symbolic":"property","decorators":[{"__symbolic":"call","expression":{"__symbolic":"reference","module":"@angular/core","name":"Input"}}]}],"showBackdrop":[{"__symbolic":"property","decorators":[{"__symbolic":"call","expression":{"__symbolic":"reference","module":"@angular/core","name":"Input"}}]}],"closeOnClickOutside":[{"__symbolic":"property","decorators":[{"__symbolic":"call","expression":{"__symbolic":"reference","module":"@angular/core","name":"Input"}}]}],"keyClose":[{"__symbolic":"property","decorators":[{"__symbolic":"call","expression":{"__symbolic":"reference","module":"@angular/core","name":"Input"}}]}],"keyCode":[{"__symbolic":"property","decorators":[{"__symbolic":"call","expression":{"__symbolic":"reference","module":"@angular/core","name":"Input"}}]}],"onOpenStart":[{"__symbolic":"property","decorators":[{"__symbolic":"call","expression":{"__symbolic":"reference","module":"@angular/core","name":"Output"}}]}],"onOpened":[{"__symbolic":"property","decorators":[{"__symbolic":"call","expression":{"__symbolic":"reference","module":"@angular/core","name":"Output"}}]}],"onCloseStart":[{"__symbolic":"property","decorators":[{"__symbolic":"call","expression":{"__symbolic":"reference","module":"@angular/core","name":"Output"}}]}],"onClosed":[{"__symbolic":"property","decorators":[{"__symbolic":"call","expression":{"__symbolic":"reference","module":"@angular/core","name":"Output"}}]}],"onModeChange":[{"__symbolic":"property","decorators":[{"__symbolic":"call","expression":{"__symbolic":"reference","module":"@angular/core","name":"Output"}}]}],"onPositionChange":[{"__symbolic":"property","decorators":[{"__symbolic":"call","expression":{"__symbolic":"reference","module":"@angular/core","name":"Output"}}]}],"_elSidebar":[{"__symbolic":"property","decorators":[{"__symbolic":"call","expression":{"__symbolic":"reference","module":"@angular/core","name":"ViewChild"},"arguments":["sidebar"]}]}],"__ctor__":[{"__symbolic":"constructor","parameterDecorators":[[{"__symbolic":"call","expression":{"__symbolic":"reference","module":"@angular/core","name":"Inject"},"arguments":[{"__symbolic":"reference","module":"@angular/platform-browser","name":"DOCUMENT"}]}],null],"parameters":[null,{"__symbolic":"reference","module":"./sidebar.service","name":"SidebarService"}]}],"ngOnInit":[{"__symbolic":"method"}],"ngOnChanges":[{"__symbolic":"method"}],"ngOnDestroy":[{"__symbolic":"method"}],"open":[{"__symbolic":"method"}],"close":[{"__symbolic":"method"}],"_getStyle":[{"__symbolic":"method"}],"_onTransitionEnd":[{"__symbolic":"method"}],"_focusFirstItem":[{"__symbolic":"method"}],"_onFocusTrap":[{"__symbolic":"method"}],"_setFocused":[{"__symbolic":"method"}],"_initCloseListeners":[{"__symbolic":"method"}],"_destroyCloseListeners":[{"__symbolic":"method"}],"_onClickOutside":[{"__symbolic":"method"}],"_onKeyDown":[{"__symbolic":"method"}],"_initCollapseListeners":[{"__symbolic":"method"}],"_destroyCollapseListeners":[{"__symbolic":"method"}],"_onResize":[{"__symbolic":"method"}],"_normalizePosition":[{"__symbolic":"method"}],"_upperCaseFirst":[{"__symbolic":"method"}],"_isIOS":[{"__symbolic":"method"}]}}}}]