[{"__symbolic":"module","version":3,"metadata":{"SidebarContainer":{"__symbolic":"class","decorators":[{"__symbolic":"call","expression":{"__symbolic":"reference","module":"@angular/core","name":"Component"},"arguments":[{"selector":"ng-sidebar-container","template":"\n    <ng-content select=\"ng-sidebar\"></ng-content>\n\n    <div *ngIf=\"showBackdrop\"\n      aria-hidden=\"true\"\n      class=\"ng-sidebar__backdrop\"\n      [ngClass]=\"backdropClass\"></div>\n\n    <div class=\"ng-sidebar__content\" [ngStyle]=\"_getStyles()\">\n      <ng-content></ng-content>\n    </div>\n  ","styles":["\n    ng-sidebar-container {\n      box-sizing: border-box;\n      display: block;\n      position: relative;\n    }\n\n    .ng-sidebar__backdrop {\n      background: #000;\n      height: 100%;\n      left: 0;\n      opacity: 0.75;\n      pointer-events: auto;\n      position: fixed;\n      top: 0;\n      width: 100%;\n      z-index: 99999998;\n    }\n\n    .ng-sidebar__content {\n      display: block;\n      height: 100%;\n      overflow: auto;\n    }\n  "],"changeDetection":{"__symbolic":"select","expression":{"__symbolic":"reference","module":"@angular/core","name":"ChangeDetectionStrategy"},"member":"OnPush"},"encapsulation":{"__symbolic":"select","expression":{"__symbolic":"reference","module":"@angular/core","name":"ViewEncapsulation"},"member":"None"}}]}],"members":{"backdropClass":[{"__symbolic":"property","decorators":[{"__symbolic":"call","expression":{"__symbolic":"reference","module":"@angular/core","name":"Input"}}]}],"allowSidebarBackdropControl":[{"__symbolic":"property","decorators":[{"__symbolic":"call","expression":{"__symbolic":"reference","module":"@angular/core","name":"Input"}}]}],"showBackdrop":[{"__symbolic":"property","decorators":[{"__symbolic":"call","expression":{"__symbolic":"reference","module":"@angular/core","name":"Input"}}]}],"showBackdropChange":[{"__symbolic":"property","decorators":[{"__symbolic":"call","expression":{"__symbolic":"reference","module":"@angular/core","name":"Output"}}]}],"_sidebars":[{"__symbolic":"property","decorators":[{"__symbolic":"call","expression":{"__symbolic":"reference","module":"@angular/core","name":"ContentChildren"},"arguments":[{"__symbolic":"reference","module":"./sidebar.component","name":"Sidebar"}]}]}],"__ctor__":[{"__symbolic":"constructor","parameters":[{"__symbolic":"reference","module":"@angular/core","name":"ChangeDetectorRef"}]}],"ngAfterContentInit":[{"__symbolic":"method"}],"ngOnChanges":[{"__symbolic":"method"}],"ngOnDestroy":[{"__symbolic":"method"}],"_getStyles":[{"__symbolic":"method"}],"_subscribe":[{"__symbolic":"method"}],"_unsubscribe":[{"__symbolic":"method"}],"_markForCheck":[{"__symbolic":"method"}],"_onToggle":[{"__symbolic":"method"}]}}}},{"__symbolic":"module","version":1,"metadata":{"SidebarContainer":{"__symbolic":"class","decorators":[{"__symbolic":"call","expression":{"__symbolic":"reference","module":"@angular/core","name":"Component"},"arguments":[{"selector":"ng-sidebar-container","template":"\n    <ng-content select=\"ng-sidebar\"></ng-content>\n\n    <div *ngIf=\"showBackdrop\"\n      aria-hidden=\"true\"\n      class=\"ng-sidebar__backdrop\"\n      [ngClass]=\"backdropClass\"></div>\n\n    <div class=\"ng-sidebar__content\" [ngStyle]=\"_getStyles()\">\n      <ng-content></ng-content>\n    </div>\n  ","styles":["\n    ng-sidebar-container {\n      box-sizing: border-box;\n      display: block;\n      position: relative;\n    }\n\n    .ng-sidebar__backdrop {\n      background: #000;\n      height: 100%;\n      left: 0;\n      opacity: 0.75;\n      pointer-events: auto;\n      position: fixed;\n      top: 0;\n      width: 100%;\n      z-index: 99999998;\n    }\n\n    .ng-sidebar__content {\n      display: block;\n      height: 100%;\n      overflow: auto;\n    }\n  "],"changeDetection":{"__symbolic":"select","expression":{"__symbolic":"reference","module":"@angular/core","name":"ChangeDetectionStrategy"},"member":"OnPush"},"encapsulation":{"__symbolic":"select","expression":{"__symbolic":"reference","module":"@angular/core","name":"ViewEncapsulation"},"member":"None"}}]}],"members":{"backdropClass":[{"__symbolic":"property","decorators":[{"__symbolic":"call","expression":{"__symbolic":"reference","module":"@angular/core","name":"Input"}}]}],"allowSidebarBackdropControl":[{"__symbolic":"property","decorators":[{"__symbolic":"call","expression":{"__symbolic":"reference","module":"@angular/core","name":"Input"}}]}],"showBackdrop":[{"__symbolic":"property","decorators":[{"__symbolic":"call","expression":{"__symbolic":"reference","module":"@angular/core","name":"Input"}}]}],"showBackdropChange":[{"__symbolic":"property","decorators":[{"__symbolic":"call","expression":{"__symbolic":"reference","module":"@angular/core","name":"Output"}}]}],"_sidebars":[{"__symbolic":"property","decorators":[{"__symbolic":"call","expression":{"__symbolic":"reference","module":"@angular/core","name":"ContentChildren"},"arguments":[{"__symbolic":"reference","module":"./sidebar.component","name":"Sidebar"}]}]}],"__ctor__":[{"__symbolic":"constructor","parameters":[{"__symbolic":"reference","module":"@angular/core","name":"ChangeDetectorRef"}]}],"ngAfterContentInit":[{"__symbolic":"method"}],"ngOnChanges":[{"__symbolic":"method"}],"ngOnDestroy":[{"__symbolic":"method"}],"_getStyles":[{"__symbolic":"method"}],"_subscribe":[{"__symbolic":"method"}],"_unsubscribe":[{"__symbolic":"method"}],"_markForCheck":[{"__symbolic":"method"}],"_onToggle":[{"__symbolic":"method"}]}}}}]