[{"__symbolic":"module","version":3,"metadata":{"SidebarModule":{"__symbolic":"class","decorators":[{"__symbolic":"call","expression":{"__symbolic":"reference","module":"@angular/core","name":"NgModule"},"arguments":[{"declarations":[{"__symbolic":"reference","module":"./sidebar.component","name":"Sidebar"},{"__symbolic":"reference","module":"./sidebar-container.component","name":"SidebarContainer"},{"__symbolic":"reference","module":"./close.directive","name":"CloseSidebar"}],"imports":[{"__symbolic":"reference","module":"@angular/common","name":"CommonModule"}],"exports":[{"__symbolic":"reference","module":"./sidebar.component","name":"Sidebar"},{"__symbolic":"reference","module":"./sidebar-container.component","name":"SidebarContainer"},{"__symbolic":"reference","module":"./close.directive","name":"CloseSidebar"}],"providers":[{"__symbolic":"reference","module":"./sidebar.service","name":"SidebarService"}]}]}],"members":{"__ctor__":[{"__symbolic":"constructor","parameterDecorators":[[{"__symbolic":"call","expression":{"__symbolic":"reference","module":"@angular/core","name":"Optional"}},{"__symbolic":"call","expression":{"__symbolic":"reference","module":"@angular/core","name":"SkipSelf"}}]],"parameters":[{"__symbolic":"reference","name":"SidebarModule"}]}]},"statics":{"forRoot":{"__symbolic":"function","parameters":[],"value":{"ngModule":{"__symbolic":"reference","name":"SidebarModule"}}}}}}},{"__symbolic":"module","version":1,"metadata":{"SidebarModule":{"__symbolic":"class","decorators":[{"__symbolic":"call","expression":{"__symbolic":"reference","module":"@angular/core","name":"NgModule"},"arguments":[{"declarations":[{"__symbolic":"reference","module":"./sidebar.component","name":"Sidebar"},{"__symbolic":"reference","module":"./sidebar-container.component","name":"SidebarContainer"},{"__symbolic":"reference","module":"./close.directive","name":"CloseSidebar"}],"imports":[{"__symbolic":"reference","module":"@angular/common","name":"CommonModule"}],"exports":[{"__symbolic":"reference","module":"./sidebar.component","name":"Sidebar"},{"__symbolic":"reference","module":"./sidebar-container.component","name":"SidebarContainer"},{"__symbolic":"reference","module":"./close.directive","name":"CloseSidebar"}],"providers":[{"__symbolic":"reference","module":"./sidebar.service","name":"SidebarService"}]}]}],"members":{"__ctor__":[{"__symbolic":"constructor","parameterDecorators":[[{"__symbolic":"call","expression":{"__symbolic":"reference","module":"@angular/core","name":"Optional"}},{"__symbolic":"call","expression":{"__symbolic":"reference","module":"@angular/core","name":"SkipSelf"}}]],"parameters":[{"__symbolic":"reference","name":"SidebarModule"}]}]},"statics":{"forRoot":{"__symbolic":"function","parameters":[],"value":{"ngModule":{"__symbolic":"reference","name":"SidebarModule"}}}}}}}]